attribute_varied,level,baseline_level,risk_score_rho_raw,risk_percentile_u,high_risk,route,patient_zip,selected_clinician_rank,selected_clinician_ids,top_tier_access,zip_fallback_proxy,zip_fallback_rate,zip_continuity_rate,simulated_outcome,travel_proxy,workload_proxy,workload_gini,unassigned_rate,assignment_method,technical_fairness_audit_not_legal_conclusion,public_data_only,synthetic_data,production_validated,provenance,risk_reference_id,risk_percentile_semantics,high_risk_changed,route_changed,selected_rank_change,top_tier_access_changed,fallback_change,outcome_change,travel_change,workload_change
age_group,age_40_50,age_70_80,0.26642847589799584,0.12091209120912118,False,OT=zip_history|PT=zip_history|RN=zip_history,89501,5.666666666666667,OT-001|PT-007|RN-006,0.3333333333333333,0.0,0.0,1.0,0.7430962574736008,22.5,0.8636363636363638,0.8636363636363638,0.0,fresh_fixed_roster_full_current_P4_policy_rerun,True,True,True,False,public_only_semi_synthetic_capacity_pilot_not_outcome_validated,9237e030d3eeed990f7138399b26f3024037939e48d5eb89866d5bdd875af8d7,persisted_reference_ecdf,False,False,1.0,False,0.0,0.04480418330330427,10.0,0.0
age_group,age_50_60,age_70_80,0.30095536487581986,0.17886788678867951,False,OT=zip_history|PT=zip_history|RN=zip_history,89501,5.666666666666667,OT-001|PT-007|RN-006,0.3333333333333333,0.0,0.0,1.0,0.7303459824460979,22.5,0.8636363636363638,0.8636363636363638,0.0,fresh_fixed_roster_full_current_P4_policy_rerun,True,True,True,False,public_only_semi_synthetic_capacity_pilot_not_outcome_validated,9237e030d3eeed990f7138399b26f3024037939e48d5eb89866d5bdd875af8d7,persisted_reference_ecdf,False,False,1.0,False,0.0,0.03205390827580146,10.0,0.0
age_group,age_60_70,age_70_80,0.34238763164920805,0.2641764176417663,False,OT=zip_history|PT=zip_history|RN=zip_history,89501,5.0,OT-001|PT-007|RN-005,0.3333333333333333,0.0,0.0,1.0,0.720290067454784,17.5,0.8636363636363638,0.8636363636363638,0.0,fresh_fixed_roster_full_current_P4_policy_rerun,True,True,True,False,public_only_semi_synthetic_capacity_pilot_not_outcome_validated,9237e030d3eeed990f7138399b26f3024037939e48d5eb89866d5bdd875af8d7,persisted_reference_ecdf,False,False,0.33333333333333304,False,0.0,0.021997993284487483,5.0,0.0
age_group,age_70_80,age_70_80,0.3907252762181615,0.3801880188018855,False,OT=zip_history|PT=zip_history|RN=zip_history,89501,4.666666666666667,OT-001|PT-001|RN-005,0.3333333333333333,0.0,0.0,1.0,0.6982920741702965,12.5,0.8636363636363638,0.8636363636363638,0.0,fresh_fixed_roster_full_current_P4_policy_rerun,True,True,True,False,public_only_semi_synthetic_capacity_pilot_not_outcome_validated,9237e030d3eeed990f7138399b26f3024037939e48d5eb89866d5bdd875af8d7,persisted_reference_ecdf,False,False,0.0,False,0.0,0.0,0.0,0.0
age_group,age_80_plus,age_70_80,0.4390629207871148,0.4975497549757136,False,OT=zip_history|PT=zip_history|RN=zip_history,89501,4.333333333333333,OT-001|PT-001|RN-008,0.3333333333333333,0.0,0.0,1.0,0.668927534962949,17.5,0.8636363636363638,0.8636363636363638,0.0,fresh_fixed_roster_full_current_P4_policy_rerun,True,True,True,False,public_only_semi_synthetic_capacity_pilot_not_outcome_validated,9237e030d3eeed990f7138399b26f3024037939e48d5eb89866d5bdd875af8d7,persisted_reference_ecdf,False,False,-0.3333333333333339,False,0.0,-0.029364539207347495,5.0,0.0
zip_area,metropolitan,micropolitan,0.4139163985771121,0.43274327432750387,False,OT=zip_history|PT=zip_history|RN=zip_history,60601,3.6666666666666665,OT-001|PT-006|RN-007,0.3333333333333333,0.0,0.0,1.0,0.6913909753795352,20.0,0.8636363636363638,0.8636363636363638,0.0,fresh_fixed_roster_full_current_P4_policy_rerun,True,True,True,False,public_only_semi_synthetic_capacity_pilot_not_outcome_validated,9237e030d3eeed990f7138399b26f3024037939e48d5eb89866d5bdd875af8d7,persisted_reference_ecdf,False,False,-1.0000000000000004,False,0.0,-0.006901098790761284,7.5,0.0
zip_area,micropolitan,micropolitan,0.3907252762181615,0.3801880188018855,False,OT=zip_history|PT=zip_history|RN=zip_history,89501,4.666666666666667,OT-001|PT-001|RN-005,0.3333333333333333,0.0,0.0,1.0,0.6982920741702965,12.5,0.8636363636363638,0.8636363636363638,0.0,fresh_fixed_roster_full_current_P4_policy_rerun,True,True,True,False,public_only_semi_synthetic_capacity_pilot_not_outcome_validated,9237e030d3eeed990f7138399b26f3024037939e48d5eb89866d5bdd875af8d7,persisted_reference_ecdf,False,False,0.0,False,0.0,0.0,0.0,0.0
zip_area,small_town,micropolitan,0.4429053015257989,0.5047504750475078,False,OT=zip_history|PT=zip_history|RN=zip_history,30301,3.3333333333333335,OT-001|PT-005|RN-007,0.3333333333333333,0.0,0.0,1.0,0.6811568187654468,22.5,0.8636363636363638,0.8636363636363638,0.0,fresh_fixed_roster_full_current_P4_policy_rerun,True,True,True,False,public_only_semi_synthetic_capacity_pilot_not_outcome_validated,9237e030d3eeed990f7138399b26f3024037939e48d5eb89866d5bdd875af8d7,persisted_reference_ecdf,False,False,-1.3333333333333335,False,0.0,-0.017135255404849725,10.0,0.0
zip_area,rural,micropolitan,0.4950853268334359,0.6189618961896377,False,OT=zip_history|PT=zip_history|RN=zip_history,01234,3.6666666666666665,OT-001|PT-006|RN-007,0.3333333333333333,0.0,0.0,1.0,0.654172878569866,12.5,0.8636363636363638,0.8636363636363638,0.0,fresh_fixed_roster_full_current_P4_policy_rerun,True,True,True,False,public_only_semi_synthetic_capacity_pilot_not_outcome_validated,9237e030d3eeed990f7138399b26f3024037939e48d5eb89866d5bdd875af8d7,persisted_reference_ecdf,False,False,-1.0000000000000004,False,0.0,-0.04411919560043054,0.0,0.0
house_price_zip,high,average,0.3281494236059648,0.23452345234523597,False,OT=zip_history|PT=zip_history|RN=zip_history,89501,5.666666666666667,OT-001|PT-007|RN-006,0.3333333333333333,0.0,0.0,1.0,0.7181017580236554,22.5,0.8636363636363638,0.8636363636363638,0.0,fresh_fixed_roster_full_current_P4_policy_rerun,True,True,True,False,public_only_semi_synthetic_capacity_pilot_not_outcome_validated,9237e030d3eeed990f7138399b26f3024037939e48d5eb89866d5bdd875af8d7,persisted_reference_ecdf,False,False,1.0,False,0.0,0.019809683853358906,10.0,0.0
house_price_zip,average,average,0.3907252762181615,0.3801880188018855,False,OT=zip_history|PT=zip_history|RN=zip_history,89501,4.666666666666667,OT-001|PT-001|RN-005,0.3333333333333333,0.0,0.0,1.0,0.6982920741702965,12.5,0.8636363636363638,0.8636363636363638,0.0,fresh_fixed_roster_full_current_P4_policy_rerun,True,True,True,False,public_only_semi_synthetic_capacity_pilot_not_outcome_validated,9237e030d3eeed990f7138399b26f3024037939e48d5eb89866d5bdd875af8d7,persisted_reference_ecdf,False,False,0.0,False,0.0,0.0,0.0,0.0
house_price_zip,low,average,0.4533011288303578,0.5280028002800297,False,OT=zip_history|PT=zip_history|RN=zip_history,89502,3.3333333333333335,OT-001|PT-005|RN-007,0.3333333333333333,0.0,0.0,1.0,0.6810413072142919,12.5,0.8636363636363638,0.8636363636363638,0.0,fresh_fixed_roster_full_current_P4_policy_rerun,True,True,True,False,public_only_semi_synthetic_capacity_pilot_not_outcome_validated,9237e030d3eeed990f7138399b26f3024037939e48d5eb89866d5bdd875af8d7,persisted_reference_ecdf,False,False,-1.3333333333333335,False,0.0,-0.017250766956004582,0.0,0.0
housing_type,single_home,single_home,0.3907252762181615,0.3801880188018855,False,OT=zip_history|PT=zip_history|RN=zip_history,89501,4.666666666666667,OT-001|PT-001|RN-005,0.3333333333333333,0.0,0.0,1.0,0.6982920741702965,12.5,0.8636363636363638,0.8636363636363638,0.0,fresh_fixed_roster_full_current_P4_policy_rerun,True,True,True,False,public_only_semi_synthetic_capacity_pilot_not_outcome_validated,9237e030d3eeed990f7138399b26f3024037939e48d5eb89866d5bdd875af8d7,persisted_reference_ecdf,False,False,0.0,False,0.0,0.0,0.0,0.0
housing_type,apartment,single_home,0.449578274452759,0.5220022002200236,False,OT=zip_history|PT=zip_history|RN=zip_history,89501,3.3333333333333335,OT-001|PT-008|RN-008,0.3333333333333333,0.0,0.0,1.0,0.6681300320074154,17.5,0.8636363636363638,0.8636363636363638,0.0,fresh_fixed_roster_full_current_P4_policy_rerun,True,True,True,False,public_only_semi_synthetic_capacity_pilot_not_outcome_validated,9237e030d3eeed990f7138399b26f3024037939e48d5eb89866d5bdd875af8d7,persisted_reference_ecdf,False,False,-1.3333333333333335,False,0.0,-0.030162042162881098,5.0,0.0
